1,New Year Holiday,Promotion for New Year Holiday,01-01-2010,01-05-2010
2,Valentine Celebration,Promotion for Love,12-02-2010,20-02-2010
3,April Fool's Day,Happy Fool day,01-04-2010,02-04-2010
4,Children's Day,Happy life for child,01-06-2010,02-06-2010
5,Summer Holidays,Enjoy with the Summer,20-06-2010,20-07-2010
6,Christmas Holidays,Biggest Holiday in Year,20-12-2010,25-12-2010
1,New Year Holiday,Promotion for New Year Holiday,01-01-2011,01-05-2011
2,Valentine Celebration,Promotion for Love,12-02-2011,20-02-2011
3,April Fool's Day,Happy Fool day,01-04-2011,02-04-2011
4,Children's Day,Happy life for child,01-06-2011,02-06-2011
5,Summer Holidays,Enjoy with the Summer,20-06-2011,20-07-2011
6,Christmas Holidays,Biggest Holiday in Year,20-12-2011,25-12-2011
1,New Year Holiday,Promotion for New Year Holiday,01-01-2012,01-05-2012
2,Valentine Celebration,Promotion for Love,12-02-2012,20-02-2012
3,April Fool's Day,Happy Fool day,01-04-2012,02-04-2012
4,Children's Day,Happy life for child,01-06-2012,02-06-2012
5,Summer Holidays,Enjoy with the Summer,20-06-2012,20-07-2012
6,Christmas Holidays,Biggest Holiday in Year,20-12-2012,25-12-2012
1,New Year Holiday,Promotion for New Year Holiday,01-01-2013,01-05-2013
2,Valentine Celebration,Promotion for Love,12-02-2013,20-02-2013
3,April Fool's Day,Happy Fool day,01-04-2013,02-04-2013
4,Children's Day,Happy life for child,01-06-2013,02-06-2013
5,Summer Holidays,Enjoy with the Summer,20-06-2013,20-07-2013
6,Christmas Holidays,Biggest Holiday in Year,20-12-2013,25-12-2013
1,New Year Holiday,Promotion for New Year Holiday,01-01-2014,01-05-2014
2,Valentine Celebration,Promotion for Love,12-02-2014,20-02-2014
3,April Fool's Day,Happy Fool day,01-04-2014,02-04-2014
4,Children's Day,Happy life for child,01-06-2014,02-06-2014
5,Summer Holidays,Enjoy with the Summer,20-06-2014,20-07-2014
6,Christmas Holidays,Biggest Holiday in Year,20-12-2014,25-12-2014
1,New Year Holiday,Promotion for New Year Holiday,01-01-2015,01-05-2015
2,Valentine Celebration,Promotion for Love,12-02-2015,20-02-2015
3,April Fool's Day,Happy Fool day,01-04-2015,02-04-2015
4,Children's Day,Happy life for child,01-06-2015,02-06-2015
5,Summer Holidays,Enjoy with the Summer,20-06-2015,20-07-2015
6,Christmas Holidays,Biggest Holiday in Year,20-12-2015,25-12-2015
1,New Year Holiday,Promotion for New Year Holiday,01-01-2016,01-05-2016
2,Valentine Celebration,Promotion for Love,12-02-2016,20-02-2016
3,April Fool's Day,Happy Fool day,01-04-2016,02-04-2016
4,Children's Day,Happy life for child,01-06-2016,02-06-2016
5,Summer Holidays,Enjoy with the Summer,20-06-2016,20-07-2016
6,Christmas Holidays,Biggest Holiday in Year,20-12-2016,25-12-2016
1,New Year Holiday,Promotion for New Year Holiday,01-01-2017,01-05-2017
2,Valentine Celebration,Promotion for Love,12-02-2017,20-02-2017
3,April Fool's Day,Happy Fool day,01-04-2017,02-04-2017
4,Children's Day,Happy life for child,01-06-2017,02-06-2017
5,Summer Holidays,Enjoy with the Summer,20-06-2017,20-07-2017
6,Christmas Holidays,Biggest Holiday in Year,20-12-2017,25-12-2017
1,New Year Holiday,Promotion for New Year Holiday,01-01-2018,01-05-2018
2,Valentine Celebration,Promotion for Love,12-02-2018,20-02-2018
3,April Fool's Day,Happy Fool day,01-04-2018,02-04-2018
4,Children's Day,Happy life for child,01-06-2018,02-06-2018
5,Summer Holidays,Enjoy with the Summer,20-06-2018,20-07-2018
6,Christmas Holidays,Biggest Holiday in Year,20-12-2018,25-12-2018
1,New Year Holiday,Promotion for New Year Holiday,01-01-2019,01-05-2019
2,Valentine Celebration,Promotion for Love,12-02-2019,20-02-2019
3,April Fool's Day,Happy Fool day,01-04-2019,02-04-2019
4,Children's Day,Happy life for child,01-06-2019,02-06-2019
5,Summer Holidays,Enjoy with the Summer,20-06-2019,20-07-2019
6,Christmas Holidays,Biggest Holiday in Year,20-12-2019,25-12-2019
1,New Year Holiday,Promotion for New Year Holiday,01-01-2020,01-05-2020
2,Valentine Celebration,Promotion for Love,12-02-2020,20-02-2020
3,April Fool's Day,Happy Fool day,01-04-2020,02-04-2020
4,Children's Day,Happy life for child,01-06-2020,02-06-2020
5,Summer Holidays,Enjoy with the Summer,20-06-2020,20-07-2020
6,Christmas Holidays,Biggest Holiday in Year,20-12-2020,25-12-2020
1,New Year Holiday,Promotion for New Year Holiday,01-01-2021,01-05-2021
2,Valentine Celebration,Promotion for Love,12-02-2021,20-02-2021
3,April Fool's Day,Happy Fool day,01-04-2021,02-04-2021
4,Children's Day,Happy life for child,01-06-2021,02-06-2021
5,Summer Holidays,Enjoy with the Summer,20-06-2021,20-07-2021
6,Christmas Holidays,Biggest Holiday in Year,20-12-2021,25-12-2021
1,New Year Holiday,Promotion for New Year Holiday,01-01-2022,01-05-2022
2,Valentine Celebration,Promotion for Love,12-02-2022,20-02-2022
3,April Fool's Day,Happy Fool day,01-04-2022,02-04-2022
4,Children's Day,Happy life for child,01-06-2022,02-06-2022
5,Summer Holidays,Enjoy with the Summer,20-06-2022,20-07-2022
6,Christmas Holidays,Biggest Holiday in Year,20-12-2022,25-12-2022
1,New Year Holiday,Promotion for New Year Holiday,01-01-2023,01-05-2023
2,Valentine Celebration,Promotion for Love,12-02-2023,20-02-2023
3,April Fool's Day,Happy Fool day,01-04-2023,02-04-2023
4,Children's Day,Happy life for child,01-06-2023,02-06-2023
5,Summer Holidays,Enjoy with the Summer,20-06-2023,20-07-2023
6,Christmas Holidays,Biggest Holiday in Year,20-12-2023,25-12-2023
1,New Year Holiday,Promotion for New Year Holiday,01-01-2024,01-05-2024
2,Valentine Celebration,Promotion for Love,12-02-2024,20-02-2024
3,April Fool's Day,Happy Fool day,01-04-2024,02-04-2024
4,Children's Day,Happy life for child,01-06-2024,02-06-2024
5,Summer Holidays,Enjoy with the Summer,20-06-2024,20-07-2024
6,Christmas Holidays,Biggest Holiday in Year,20-12-2024,25-12-2024
1,New Year Holiday,Promotion for New Year Holiday,01-01-2025,01-05-2025
2,Valentine Celebration,Promotion for Love,12-02-2025,20-02-2025
3,April Fool's Day,Happy Fool day,01-04-2025,02-04-2025
4,Children's Day,Happy life for child,01-06-2025,02-06-2025
5,Summer Holidays,Enjoy with the Summer,20-06-2025,20-07-2025
6,Christmas Holidays,Biggest Holiday in Year,20-12-2025,25-12-2025
1,New Year Holiday,Promotion for New Year Holiday,01-01-2026,01-05-2026
2,Valentine Celebration,Promotion for Love,12-02-2026,20-02-2026
3,April Fool's Day,Happy Fool day,01-04-2026,02-04-2026
4,Children's Day,Happy life for child,01-06-2026,02-06-2026
5,Summer Holidays,Enjoy with the Summer,20-06-2026,20-07-2026
6,Christmas Holidays,Biggest Holiday in Year,20-12-2026,25-12-2026
1,New Year Holiday,Promotion for New Year Holiday,01-01-2027,01-05-2027
2,Valentine Celebration,Promotion for Love,12-02-2027,20-02-2027
3,April Fool's Day,Happy Fool day,01-04-2027,02-04-2027
4,Children's Day,Happy life for child,01-06-2027,02-06-2027
5,Summer Holidays,Enjoy with the Summer,20-06-2027,20-07-2027
6,Christmas Holidays,Biggest Holiday in Year,20-12-2027,25-12-2027
1,New Year Holiday,Promotion for New Year Holiday,01-01-2028,01-05-2028
2,Valentine Celebration,Promotion for Love,12-02-2028,20-02-2028
3,April Fool's Day,Happy Fool day,01-04-2028,02-04-2028
4,Children's Day,Happy life for child,01-06-2028,02-06-2028
5,Summer Holidays,Enjoy with the Summer,20-06-2028,20-07-2028
6,Christmas Holidays,Biggest Holiday in Year,20-12-2028,25-12-2028
1,New Year Holiday,Promotion for New Year Holiday,01-01-2029,01-05-2029
2,Valentine Celebration,Promotion for Love,12-02-2029,20-02-2029
3,April Fool's Day,Happy Fool day,01-04-2029,02-04-2029
4,Children's Day,Happy life for child,01-06-2029,02-06-2029
5,Summer Holidays,Enjoy with the Summer,20-06-2029,20-07-2029
6,Christmas Holidays,Biggest Holiday in Year,20-12-2029,25-12-2029
1,New Year Holiday,Promotion for New Year Holiday,01-01-2030,01-05-2030
2,Valentine Celebration,Promotion for Love,12-02-2030,20-02-2030
3,April Fool's Day,Happy Fool day,01-04-2030,02-04-2030
4,Children's Day,Happy life for child,01-06-2030,02-06-2030
5,Summer Holidays,Enjoy with the Summer,20-06-2030,20-07-2030
6,Christmas Holidays,Biggest Holiday in Year,20-12-2030,25-12-2030
